CASE_ID,ACCIDENT_YEAR,PROC_DATE,JURIS,COLLISION_DATE,COLLISION_TIME,OFFICER_ID,REPORTING_DISTRICT,DAY_OF_WEEK,CHP_SHIFT,POPULATION,CNTY_CITY_LOC,SPECIAL_COND,BEAT_TYPE,CHP_BEAT_TYPE,CITY_DIVISION_LAPD,CHP_BEAT_CLASS,BEAT_NUMBER,PRIMARY_RD,SECONDARY_RD,DISTANCE,DIRECTION,INTERSECTION,WEATHER_1,WEATHER_2,STATE_HWY_IND,CALTRANS_COUNTY,CALTRANS_DISTRICT,STATE_ROUTE,ROUTE_SUFFIX,POSTMILE_PREFIX,POSTMILE,LOCATION_TYPE,RAMP_INTERSECTION,SIDE_OF_HWY,TOW_AWAY,COLLISION_SEVERITY,NUMBER_KILLED,NUMBER_INJURED,PARTY_COUNT,PRIMARY_COLL_FACTOR,PCF_CODE_OF_VIOL,PCF_VIOL_CATEGORY,PCF_VIOLATION,PCF_VIOL_SUBSECTION,HIT_AND_RUN,TYPE_OF_COLLISION,MVIW,PED_ACTION,ROAD_SURFACE,ROAD_COND_1,ROAD_COND_2,LIGHTING,CONTROL_DEVICE,CHP_ROAD_TYPE,PEDESTRIAN_ACCIDENT,BICYCLE_ACCIDENT,MOTORCYCLE_ACCIDENT,TRUCK_ACCIDENT,NOT_PRIVATE_PROPERTY,ALCOHOL_INVOLVED,STWD_VEHTYPE_AT_FAULT,CHP_VEHTYPE_AT_FAULT,COUNT_SEVERE_INJ,COUNT_VISIBLE_INJ,COUNT_COMPLAINT_PAIN,COUNT_PED_KILLED,COUNT_PED_INJURED,COUNT_BICYCLIST_KILLED,COUNT_BICYCLIST_INJURED,COUNT_MC_KILLED,COUNT_MC_INJURED,PRIMARY_RAMP,SECONDARY_RAMP,LATITUDE,LONGITUDE,COUNTY,CITY,POINT_X,POINT_Y
8199718,2016,2017-01-04,4402,2016-12-21,1157,170,4402,3,5,5,4402,0,0,0,,0,,"SOQUEL AV","OCEAN ST",245.00,W,N,A,-,N,,,,,,,,,,N,3,0,1,2,A,-,09,21801,A,N,F,A,A,A,H,-,A,D,0,,Y,,,Y,,A,08,0,1,0,0,0,0,1,0,0,"- ","- ",,,"SANTA CRUZ","SANTA CRUZ",-122.01969724,36.974317409999998
8108092,2016,2016-08-24,4402,2016-08-15,1150,170,4402,1,5,5,4402,0,0,0,,0,000,"MORA ST","RIVER ST",0.00,,Y,A,-,N,,,,,,,,,,N,3,0,1,2,A,-,05,21650,1,N,D,G,A,A,H,-,A,A,0,,Y,,,Y,,L,04,0,1,0,0,0,0,1,0,0,"- ","- ",,,"SANTA CRUZ","SANTA CRUZ",-122.02867996000001,36.980470070000003
8155547,2016,2016-11-02,4402,2016-10-20,0825,131,4402,4,5,5,4402,0,0,0,,0,,"DELAWARE AV","SHAFFER RD",100.00,E,N,A,-,N,,,,,,,,,,N,3,0,1,2,A,-,17,22517,,N,H,G,A,A,H,-,A,D,0,,Y,,,Y,,A,07,0,1,0,0,0,0,1,0,0,"- ","- ",,,"SANTA CRUZ","SANTA CRUZ",-122.06213758,36.954667970000003
7199946,2017,2019-04-08,4402,2017-02-06,0248,138,4402,1,5,5,4402,0,0,0,,0,,"SEABRIGHT AV",BROADWAY,103.00,S,N,C,-,N,,,,,,,,,,N,1,1,0,2,D,-,00,,,F,G,B,D,B,H,-,C,D,0,Y,,,,Y,Y,-,"- ",0,0,0,1,0,0,0,0,0,"- ","- ",,,"SANTA CRUZ","SANTA CRUZ",-122.00845691000001,36.975019379999999
8174097,2016,2016-11-22,4402,2016-10-21,2142,195,SCZ,5,5,5,4402,0,0,0,,0,00W,"LAURENT ST","HIGH ST",10.00,S,N,A,-,N,,,,,,,,,,Y,3,0,1,1,A,-,01,23152,,N,H,J,A,A,H,-,C,D,0,,,,,Y,Y,-,,0,1,0,0,0,0,0,0,0,"- ","- ",,,"SANTA CRUZ","SANTA CRUZ",-122.04250771,36.977663229999997
8181012,2016,2017-03-04,4402,2016-11-07,1842,142,4402,1,5,5,4402,0,0,0,,0,00W,"RT 1","SWIFT ST",900.00,W,N,A,-,Y,SCR,5,1,-,-,19.690,H,-,N,Y,2,0,2,3,A,-,06,21750,A,N,A,C,A,A,H,-,C,D,0,,,,,Y,,A,01,1,0,1,0,0,0,0,0,0,"- ","- ",,,"SANTA CRUZ","SANTA CRUZ",-122.04941175,36.960585520000002
8433418,2017,2018-06-11,4402,2017-07-24,1503,167,4402,1,5,5,4402,0,0,0,,0,,"CORAL ST","RT 9",2.00,W,N,B,-,Y,SCR,5,9,-,-,0.121,I,5,N,N,3,0,1,2,A,-,06,21754,,N,B,G,A,A,H,-,A,A,0,,Y,,,Y,,L,04,0,1,0,0,0,0,1,0,0,"- ","- ",,,"SANTA CRUZ","SANTA CRUZ",-122.03001207,36.9852779
8174113,2016,2016-11-22,4402,2016-10-30,0046,129,4402,7,5,5,4402,0,0,0,,0,00E,"SEABRIGHT AV",BROADWAY,239.00,S,N,B,-,N,,,,,,,,,,N,2,0,1,2,A,-,11,21954,A,N,G,B,E,A,H,-,C,D,0,Y,,,,Y,,N,60,1,0,0,0,1,0,0,0,0,"- ","- ",,,"SANTA CRUZ","SANTA CRUZ",-122.00832079,36.97466206
8397842,2017,2017-07-10,4402,2017-06-22,1655,170,4402,4,5,5,4402,0,0,0,,0,000,"NORTH BRANCIFORTE","WATER ST",90.00,N,N,A,-,N,,,,,,,,,,N,3,0,1,2,A,-,11,21954,A,N,G,B,E,A,H,-,A,D,0,Y,,,,Y,,N,60,0,1,0,0,1,0,0,0,0,"- ","- ",,,"SANTA CRUZ","SANTA CRUZ",-122.0139429,36.981674669999997
8356524,2017,2017-06-09,4402,2017-04-28,0827,131,4402,5,5,5,4402,0,0,0,,0,,"LAGUNA ST","GHARKEY ST",0.00,,Y,A,-,N,,,,,,,,,,N,3,0,1,2,A,-,08,22107,,N,D,G,A,A,H,-,A,D,0,,Y,,,Y,,L,04,0,1,0,0,0,0,1,0,0,"- ","- ",,,"SANTA CRUZ","SANTA CRUZ",-122.02914987,36.959770069999998
8348825,2017,2018-04-10,4402,2017-04-10,1838,177,4402,1,5,5,4402,0,0,0,,0,00W,"BAY ST","RT 1",9.00,N,N,B,-,Y,SCR,5,1,-,-,19.000,I,5,N,N,3,0,2,2,D,-,00,,,N,D,G,A,A,H,-,A,A,0,,Y,,,Y,,-,"- ",0,2,0,0,0,0,2,0,0,"- ","- ",,,"SANTA CRUZ","SANTA CRUZ",-122.04027911999999,36.966691169999997
8087922,2016,2016-07-25,4402,2016-07-09,1236,184,4402,6,5,5,4402,0,0,0,,0,00E,"BRANCIFORTE DR","GLEN CANYON RD",3.00,S,N,A,-,N,,,,,,,,,,N,3,0,1,2,A,-,09,21803,A,F,B,G,A,A,H,-,A,D,0,,Y,,,Y,,A,01,0,1,0,0,0,0,1,0,0,"- ","- ",,,"SANTA CRUZ","SANTA CRUZ",-122.00921643,36.998253570000003
8339717,2017,2017-04-06,4402,2017-03-25,1420,131,4402,6,5,5,4402,0,0,0,,0,,"SOQUEL AV","DARWIN ST",97.00,W,N,B,-,N,,,,,,,,,,N,3,0,1,3,A,-,03,22350,,N,C,C,A,A,H,-,A,D,0,,Y,,,Y,,D,22,0,1,0,0,0,0,1,0,0,"- ","- ",,,"SANTA CRUZ","SANTA CRUZ",-122.00809443999999,36.980922370000002
8378222,2017,2017-06-16,4402,2017-05-23,1655,131,4402,2,5,5,4402,0,0,0,,0,,"BRANCIFORTE DR","GLEN CANYON RD",200.00,S,N,A,-,N,,,,,,,,,,N,3,0,1,2,A,-,06,21750,A,F,B,G,A,A,H,-,A,D,0,,Y,,,Y,,A,07,0,1,0,0,0,0,1,0,0,"- ","- ",,,"SANTA CRUZ","SANTA CRUZ",-122.00957277000001,36.99779702
8357026,2017,2017-05-04,4402,2017-04-17,1413,170,4402,1,5,5,4402,0,0,0,,0,000,"OCEAN ST","LEONARD ST",345.00,S,N,C,-,N,,,,,,,,,,N,3,0,1,3,A,-,08,22107,,N,B,E,A,B,H,-,A,D,0,,Y,,,Y,,L,04,0,1,0,0,0,0,1,0,0,"- ","- ",,,"SANTA CRUZ","SANTA CRUZ",-122.02038337,36.977187270000002
8328582,2017,2017-04-14,4402,2017-02-09,1937,812,,4,5,5,4402,0,0,0,,0,,"COOLIDGE DR","COOLIDGE DR 105",0.00,,-,C,-,N,,,,,,,,,,N,3,0,2,2,A,-,03,22350,,N,H,J,A,B,B,G,D,D,0,,Y,,,Y,,L,04,0,1,1,0,0,0,2,0,0,"- ","- ",,,"SANTA CRUZ","SANTA CRUZ",-122.04885720999999,36.98866245
8174092,2016,2016-11-22,4402,2016-11-05,1523,131,4402,6,5,5,4402,0,0,0,,0,,"MISSION ST","BURKETT ST",450.00,W,N,A,-,N,,,,,,,,,,N,3,0,1,1,A,-,03,22350,,N,F,A,A,A,H,-,A,D,0,,Y,,,Y,,L,04,0,1,0,0,0,0,1,0,0,"- ","- ",,,"SANTA CRUZ","SANTA CRUZ",-122.06040179,36.960240210000002
8201515,2017,2017-03-28,4402,2017-03-03,1215,131,4402,5,5,5,4402,0,0,0,,0,,"FRONT ST","CATHCART ST",102.00,S,N,A,-,N,,,,,,,,,,N,3,0,1,2,A,-,09,21801,A,N,D,G,A,A,H,-,A,D,0,,Y,,,Y,,A,01,0,1,0,0,0,0,1,0,0,"- ","- ",,,"SANTA CRUZ","SANTA CRUZ",-122.02422134,36.971633799999999
8339608,2017,2017-04-06,4402,2017-03-12,1103,192,4402,7,5,5,4402,0,0,0,,0,,"LAUREL ST","PACIFIC AV",20.00,E,N,A,-,N,,,,,,,,,,N,3,0,1,2,A,-,00,21456,1,N,G,B,D,A,H,-,A,A,0,Y,,,,Y,,N,60,0,1,0,0,1,0,0,0,0,"- ","- ",,,"SANTA CRUZ","SANTA CRUZ",-122.0247021,36.969217149999999
8101032,2016,2016-08-17,4402,2016-08-01,1930,165,4402,1,5,5,4402,0,0,0,,0,000,"LAUREL ST","MYRTLE ST",0.00,,Y,A,-,N,,,,,,,,,,Y,3,0,1,2,A,-,08,22107,,F,B,G,A,A,H,-,A,A,0,,Y,,,Y,Y,L,04,0,1,0,0,0,0,1,0,0,"- ","- ",,,"SANTA CRUZ","SANTA CRUZ",-122.03036987999999,36.968600029999998
8137284,2016,2016-10-11,4402,2016-09-17,1043,165,4402,6,5,5,4402,0,0,0,,0,000,"SOQUEL AV","PENNSYLVANIA AV",0.00,,Y,A,-,N,,,,,,,,,,N,3,0,1,2,A,-,09,21804,A,N,D,G,A,A,H,-,A,A,0,,Y,,,Y,,L,04,0,1,0,0,0,0,1,0,0,"- ","- ",,,"SANTA CRUZ","SANTA CRUZ",-122.01294996,36.97857003
8205645,2016,2017-01-13,4402,2016-12-20,1721,182,4402,2,5,5,4402,0,0,0,,0,00C,"SOQUEL AV","DAKOTA AV",120.00,E,N,A,-,N,,,,,,,,,,N,3,0,1,2,A,-,08,22107,,N,A,G,A,A,H,-,C,D,0,,Y,,,Y,,A,01,0,1,0,0,0,0,1,0,0,"- ","- ",,,"SANTA CRUZ","SANTA CRUZ",-122.02102287,36.973984629999997
8418980,2017,2017-08-02,4402,2017-07-20,2003,139,4402,4,5,5,4402,0,0,0,,0,00E,"SOQUEL AV","SOUTH MORRISSEY BL",93.00,E,N,A,-,N,,,,,,,,,,N,3,0,1,2,A,-,00,23107,,N,H,J,A,A,H,-,A,D,0,,,,,Y,,A,01,0,1,0,0,0,0,0,0,0,"- ","- ",,,"SANTA CRUZ","SANTA CRUZ",-122.00655284,36.981373210000001
8157897,2016,2017-04-01,4402,2016-10-07,1110,165,4402,5,5,5,4402,0,0,0,,0,000,"RT 1","MIRAMAR DR",0.00,,Y,A,-,Y,SCR,5,1,-,-,19.412,I,5,S,N,3,0,1,2,A,-,12,21453,A,F,D,G,A,A,H,-,A,A,0,,Y,,,Y,,L,04,0,1,0,0,0,0,1,0,0,"- ","- ",,,"SANTA CRUZ","SANTA CRUZ",-122.04496365,36.962148550000002
8097661,2016,2017-02-18,4402,2016-08-08,1352,170,4402,1,5,5,4402,0,0,0,,0,000,"RT 1","MIRAMAR DR",0.00,,Y,A,-,Y,SCR,5,1,-,-,19.412,I,5,N,Y,3,0,2,3,A,-,01,23152,A,N,D,C,A,A,H,-,A,A,0,,,,,Y,Y,A,01,0,1,1,0,0,0,0,0,0,"- ","- ",,,"SANTA CRUZ","SANTA CRUZ",-122.04496365,36.962148550000002
8292481,2017,2017-04-14,4402,2017-04-02,1409,170,4402,7,5,5,4402,0,0,0,,0,000,"BEACH ST","PARK PL",5.00,E,N,A,-,N,,,,,,,,,,N,3,0,1,2,A,-,10,21950,A,N,G,B,B,A,H,-,A,D,0,Y,,,,Y,,A,01,0,1,0,0,1,0,0,0,0,"- ","- ",,,"SANTA CRUZ","SANTA CRUZ",-122.01470562,36.96524745
8201631,2017,2017-03-29,4402,2017-02-10,1443,165,4402,5,5,5,4402,0,0,0,,0,000,"BAY ST","KING ST",0.00,,Y,B,-,N,,,,,,,,,,N,3,0,1,2,A,-,08,22107,,M,D,G,A,A,H,-,A,A,0,,Y,,,Y,Y,A,01,0,1,0,0,0,0,1,0,0,"- ","- ",,,"SANTA CRUZ","SANTA CRUZ",-122.04307996,36.968150029999997
8087921,2016,2016-07-25,4402,2016-07-18,1320,170,4402,1,5,5,4402,0,0,0,,0,000,"WATER ST","BENITO AV",0.00,E,N,A,-,N,,,,,,,,,,N,3,0,1,2,A,-,08,22107,,N,H,G,A,A,H,-,A,D,0,,Y,,,Y,,L,04,0,1,0,0,0,0,1,0,0,"- ","- ",,,"SANTA CRUZ","SANTA CRUZ",-122.01206998000001,36.981430109999998
8148582,2016,2016-10-19,4402,2016-09-28,1321,140,4402,3,5,5,4402,0,0,0,,0,,"LAUREL ST","PACIFIC AV",86.00,E,N,A,-,N,,,,,,,,,,N,3,0,1,2,A,-,08,22107,,N,A,G,A,A,H,-,A,D,0,,Y,,,Y,,A,01,0,1,0,0,0,0,1,0,0,"- ","- ",,,"SANTA CRUZ","SANTA CRUZ",-122.02447804000001,36.969240730000003
8092273,2016,2016-08-02,4402,2016-07-26,2237,179,SANTA,2,5,5,4402,0,0,0,,0,00E,"MARKET ST","AVALON ST",200.00,N,N,B,-,N,,,,,,,,,,Y,3,0,2,2,A,-,00,23153,F,N,A,C,A,A,H,-,E,D,0,,,,,Y,Y,A,01,0,1,1,0,0,0,0,0,0,"- ","- ",,,"SANTA CRUZ","SANTA CRUZ",-122.01435959,36.986157210000002
8092301,2016,2016-08-02,4402,2016-07-07,1945,194,4402,4,5,5,4402,0,0,0,,0,00W,"WEST CLIFF DR","GETCHELL ST",15.00,E,N,A,-,N,,,,,,,,,,N,3,0,1,1,A,-,08,22107,,N,-,A,A,A,H,-,A,A,0,,Y,,,Y,,L,04,0,1,0,0,0,0,1,0,0,"- ","- ",,,"SANTA CRUZ","SANTA CRUZ",-122.04536348000001,36.950417450000003
8296199,2017,2017-02-07,4402,2017-01-15,0259,156,4402,7,5,5,4402,0,0,0,,0,00E,"MARKET ST","HUBBARD ST",50.00,S,N,-,-,N,,,,,,,,,,N,3,0,1,3,A,-,01,23152,A,N,E,E,A,A,H,-,C,D,0,,,,,Y,Y,A,01,0,1,0,0,0,0,0,0,0,"- ","- ",,,"SANTA CRUZ","SANTA CRUZ",-122.01915073000001,36.982272829999999
8400503,2017,2017-07-06,4402,2017-06-13,1653,131,4402,2,5,5,4402,0,0,0,,0,,"BEACH ST","MUNICIPAL WHARF",0.00,,Y,A,-,N,,,,,,,,,,N,3,0,1,1,D,-,00,,,F,F,A,A,A,H,-,A,A,0,,Y,,,Y,,-,"- ",0,1,0,0,0,0,1,0,0,"- ","- ",,,"SANTA CRUZ","SANTA CRUZ",-122.02383757,36.962828960000003
8421433,2017,2017-08-14,4402,2017-07-18,2017,168,4402,2,5,5,4402,0,0,0,,0,00C,"S RIVER ST","SOQUEL AV",55.00,N,N,A,-,N,,,,,,,,,,Y,3,0,1,2,A,-,08,22107,,N,H,A,A,A,H,-,B,D,0,,,Y,,Y,Y,A,01,0,1,0,0,0,0,0,0,1,"- ","- ",,,"SANTA CRUZ","SANTA CRUZ",-122.02367357,36.973598680000002
8078055,2016,2016-07-13,4402,2016-06-30,1902,131,4402,4,5,5,4402,0,0,0,,0,,"MISSION ST","EMMETT ST",5.00,E,N,A,-,N,,,,,,,,,,N,3,0,1,2,A,-,10,21950,A,N,G,B,B,A,H,-,A,D,0,Y,,,,Y,,A,01,0,1,0,0,1,0,0,0,0,"- ","- ",,,"SANTA CRUZ","SANTA CRUZ",-122.02980314,36.977407589999999
8174081,2016,2016-11-22,4402,2016-10-30,1728,170,4402,7,5,5,4402,0,0,0,,0,,"CLIFF ST","1ST ST",90.00,S,N,B,-,N,,,,,,,,,,Y,3,0,3,3,A,-,21,22106,,N,F,C,A,A,H,-,A,D,0,,,,,Y,,A,01,0,3,0,0,0,0,0,0,0,"- ","- ",,,"SANTA CRUZ","SANTA CRUZ",-122.02042387,36.964650970000001
8410292,2017,2017-07-26,4402,2017-07-01,2238,149,4402,6,5,5,4402,0,0,0,,0,0DT,"LAUREL ST","FRONT ST",0.00,,Y,A,-,N,,,,,,,,,,N,3,0,1,2,A,-,12,21453,A,N,D,C,A,A,H,-,C,A,0,,,,,Y,,A,01,0,1,0,0,0,0,0,0,0,"- ","- ",,,"SANTA CRUZ","SANTA CRUZ",-122.02377988000001,36.969320070000002
8174085,2016,2016-11-22,4402,2016-10-30,1929,125,4402,7,5,5,4402,0,0,0,,0,00C,"FRONT ST","CATHCART ST",100.00,S,N,C,-,N,,,,,,,,,,N,3,0,1,2,A,-,11,21956,A,F,G,B,D,B,H,-,C,A,0,Y,,,,Y,Y,N,60,0,1,0,0,1,0,0,0,0,"- ","- ",,,"SANTA CRUZ","SANTA CRUZ",-122.02422236,36.971639240000002
8201627,2017,2017-03-29,4402,2017-02-11,2152,129,4402,6,5,5,4402,0,0,0,,0,00C,"RIVER ST","NORTH PACIFIC AV",18.00,N,N,A,-,N,,,,,,,,,,Y,3,0,1,2,A,-,09,21804,A,N,H,G,A,A,H,-,C,A,0,,Y,,,Y,,L,04,0,1,0,0,0,0,1,0,0,"- ","- ",,,"SANTA CRUZ","SANTA CRUZ",-122.02706863,36.978860390000001
8410304,2017,2017-07-26,4402,2017-07-09,1840,168,4402,7,5,5,4402,0,0,0,,0,00E,"COLD CREEK TRL","COOL CREEK TRL",90.00,S,N,A,-,N,,,,,,,,,,Y,3,0,1,1,A,-,01,23152,,N,F,J,A,A,H,-,A,D,0,,,,,Y,Y,A,01,0,1,0,0,0,0,0,0,0,"- ","- ",,,"SANTA CRUZ","SANTA CRUZ",-122.01150477,36.99624197
8113178,2016,2017-02-24,4402,2016-08-18,1812,131,4402,4,5,5,4402,0,0,0,,0,,"RT 9","VERNON ST",515.00,N,N,A,-,Y,SCR,5,9,-,-,0.630,H,-,N,Y,3,0,1,1,A,-,04,21703,,N,F,J,A,A,H,-,A,D,0,,,Y,,Y,,C,02,0,1,0,0,0,0,0,0,1,"- ","- ",,,"SANTA CRUZ","SANTA CRUZ",-122.03300877,36.99165575
8113219,2016,2016-09-07,4402,2016-08-12,0957,131,4402,5,5,5,4402,0,0,0,,0,,"MORRISSEY BL","SOQUEL AV",15.00,N,N,A,-,N,,,,,,,,,,N,3,0,1,2,A,-,09,21804,A,N,D,G,A,A,H,-,A,A,0,,Y,,,Y,,L,04,0,1,0,0,0,0,1,0,0,"- ","- ",,,"SANTA CRUZ","SANTA CRUZ",-122.00685002,36.981387959999999
8092305,2016,2016-08-02,4402,2016-07-07,1935,131,4402,4,5,5,4402,0,0,0,,0,,"EMELINE AV","PLYMOUTH ST",4.00,S,N,A,-,N,,,,,,,,,,Y,3,0,1,2,A,-,03,22350,,N,E,D,A,A,H,-,A,A,0,,,,,Y,,A,01,0,1,0,0,0,0,0,0,0,"- ","- ",,,"SANTA CRUZ","SANTA CRUZ",-122.01814055,36.98857675
8296192,2017,2017-02-07,4402,2017-01-26,1759,152,4402,4,5,5,4402,0,0,0,,0,,"SOQUEL AV","OCEAN ST",0.00,,Y,A,-,N,,,,,,,,,,Y,3,0,2,2,A,-,12,21453,A,N,A,C,A,A,H,-,C,A,0,,,,,Y,,A,01,0,1,1,0,0,0,0,0,0,"- ","- ",,,"SANTA CRUZ","SANTA CRUZ",-122.01890999,36.97455008
8092313,2016,2016-08-02,4402,2016-07-08,1646,131,4402,5,5,5,4402,0,0,0,,0,,"BEACH ST","CLIFF DR",173.00,E,N,A,-,N,,,,,,,,,,N,3,0,1,1,A,-,03,22350,,N,F,A,A,A,H,-,A,D,0,,Y,,,Y,Y,L,04,0,1,0,0,0,0,1,0,0,"- ","- ",,,"SANTA CRUZ","SANTA CRUZ",-122.02482179,36.962472959999999
8418976,2017,2017-08-02,4402,2017-07-15,1449,165,4402,6,5,5,4402,0,0,0,,0,000,"GAULT ST","DAWSON ST",13.00,E,N,A,-,N,,,,,,,,,,N,3,0,1,1,A,-,03,22350,,N,F,I,A,A,H,-,A,D,0,,,Y,,Y,,C,02,0,1,0,0,0,0,0,0,1,"- ","- ",,,"SANTA CRUZ","SANTA CRUZ",-122.00726688,36.979466590000001
8198716,2016,2017-01-05,4402,2016-11-22,0741,140,4402,2,5,5,4402,0,0,0,,0,,"SOQUEL AV","TREVETHAN AV",0.00,,Y,A,-,N,,,,,,,,,,Y,3,0,2,2,A,-,12,21453,A,N,D,C,A,A,H,-,A,A,0,,,,,Y,,D,22,0,1,1,0,0,0,0,0,0,"- ","- ",,,"SANTA CRUZ","SANTA CRUZ",-122.00170988000001,36.981410019999998
8374665,2017,2018-04-10,4402,2017-05-11,1500,165,4402,4,5,5,4402,0,0,0,,0,000,"RT 1","VAN NESS AV",0.00,,Y,A,-,Y,SCR,5,1,-,-,18.800,I,5,N,Y,3,0,1,2,A,-,09,21801,A,N,D,C,A,A,H,-,A,D,0,,,Y,,Y,,C,02,0,1,0,0,0,0,0,0,1,"- ","- ",,,"SANTA CRUZ","SANTA CRUZ",-122.03793491,36.968660079999999